Nonsense,practice,period,drug,change
YAY Y03106 201206 simvastatin 25
YAY Y00454 201205 atorvastatin 11
YAY H81647 201205 atorvastatin 11
YAY H81643 201206 simvastatin -13
YAY H81648 201205 simvastatin 25
YAY Y02771 201205 simvastatin -13
YAY Y02771 201206 simvastatin 13
YAY Y02776 201205 atorvastatin 15
YAY Y02776 201205 simvastatin -15
YAY Y02776 201204 atorvastatin -18
YAY Y02776 201204 simvastatin 18
YAY Y02776 201206 simvastatin -15
YAY Y02776 201206 rosuvastatin calcium -15
YAY Y02195 201205 simvastatin 14
YAY Y02195 201204 atorvastatin -18
YAY Y02195 201204 simvastatin 28
YAY Y02192 201205 simvastatin -34
YAY Y02999 201205 atorvastatin -12
YAY Y02999 201204 simvastatin -12
YAY Y02991 201205 simvastatin 20
YAY Y02991 201204 atorvastatin -15
YAY Y02991 201204 pravastatin sodium -15
YAY Y02991 201206 pravastatin sodium 20
YAY Y00732 201205 simvastatin 67
YAY Y00732 201204 atorvastatin 67
YAY Y00732 201206 atorvastatin 67
YAY Y00732 201206 simvastatin -34
YAY Y00732 201203 simvastatin -34
YAY Y00597 201205 atorvastatin 12
YAY Y00597 201204 simvastatin -47
YAY Y00597 201206 atorvastatin -22
YAY Y00597 201206 pravastatin sodium -22
YAY Y00597 201206 simvastatin 11
YAY Y00723 201204 simvastatin 50
YAY Y02692 201205 atorvastatin 12
YAY Y02692 201205 simvastatin -13
YAY Y02692 201206 atorvastatin -13
YAY B81666 201205 pravastatin sodium 18
YAY B81666 201205 simvastatin -15
YAY B81666 201204 pravastatin sodium -11
YAY B81666 201206 atorvastatin -12
YAY Y02614 201205 atorvastatin -14
YAY Y02614 201205 simvastatin 17
YAY Y02614 201204 simvastatin -16
YAY Y02614 201204 rosuvastatin calcium -16
YAY Y02614 201206 atorvastatin 16
YAY Y02614 201206 simvastatin -16
YAY H83634 201205 atorvastatin -12
YAY H83634 201205 simvastatin 12
YAY H83634 201204 atorvastatin -16
YAY H83634 201204 simvastatin 16
YAY H83634 201206 atorvastatin -11
YAY H83634 201206 simvastatin 11
YAY Y02837 201206 simvastatin -34
YAY Y00471 201206 atorvastatin -12
YAY Y00471 201206 simvastatin 12
YAY G82140 201205 atorvastatin -12
YAY B86674 201205 pravastatin sodium 12
YAY B86674 201205 simvastatin -12
YAY B86674 201206 pravastatin sodium -12
YAY B86674 201206 simvastatin 12
YAY B86670 201204 atorvastatin -21
YAY B86670 201204 pravastatin sodium -21
YAY B86670 201204 simvastatin 23
YAY B86670 201206 simvastatin -15
YAY E85671 201205 simvastatin 16
YAY H83633 201206 simvastatin -29
YAY Y02756 201205 atorvastatin 67
YAY Y02756 201204 simvastatin 67
YAY Y01183 201204 atorvastatin 17
YAY Y01183 201204 simvastatin 16
YAY Y00862 201206 simvastatin -50
YAY Y03047 201205 atorvastatin 34
YAY Y03047 201205 simvastatin -50
YAY Y03047 201204 simvastatin 34
YAY Y03047 201206 pravastatin sodium -50
YAY Y03047 201206 simvastatin 35
YAY G81696 201205 pravastatin sodium 19
YAY G81696 201204 pravastatin sodium -26
YAY G81696 201204 simvastatin 17
YAY G81696 201206 pravastatin sodium -17
YAY G83068 201206 atorvastatin -20
YAY G83068 201206 simvastatin 25
YAY Y02125 201204 atorvastatin -67
YAY Y02125 201204 simvastatin -67
YAY Y02323 201205 atorvastatin 19
YAY Y02323 201205 simvastatin -15
YAY Y02323 201204 simvastatin -30
YAY Y02323 201204 rosuvastatin calcium -30
YAY Y02323 201206 atorvastatin -30
YAY Y02323 201206 simvastatin 25
YAY Y02323 201206 rosuvastatin calcium 25
YAY F83030 201204 atorvastatin -18
YAY F83030 201204 pravastatin sodium 14
YAY Y03325 201206 atorvastatin -16
YAY Y03325 201206 simvastatin 22
YAY Y00672 201205 atorvastatin 22
YAY Y00672 201205 simvastatin -22
YAY Y00672 201204 simvastatin -16
YAY Y00672 201206 simvastatin 38
YAY Y02816 201206 atorvastatin 13
YAY Y02816 201206 simvastatin -13
YAY N82003 201204 simvastatin 12
YAY Y00415 201205 simvastatin -50
YAY Y00415 201206 atorvastatin 17
YAY E85659 201205 simvastatin -11
YAY Y01231 201205 simvastatin -67
YAY Y01900 201205 simvastatin 22
YAY L84051 201204 rosuvastatin calcium -16
YAY L84051 201204 atorvastatin 20
YAY Y00617 201205 simvastatin 40
YAY Y00884 201205 simvastatin -60
YAY Y00884 201206 simvastatin 60
YAY G85716 201206 simvastatin -13
YAY G85718 201205 atorvastatin 17
YAY G85718 201205 simvastatin -16
YAY G85718 201204 simvastatin 16
YAY Y00587 201206 simvastatin -34
YAY Y02519 201204 simvastatin 12
YAY Y02519 201206 simvastatin -11
YAY Y02658 201205 simvastatin 14
YAY Y02655 201205 atorvastatin -16
YAY Y02655 201205 simvastatin 17
YAY Y02655 201204 simvastatin -67
YAY Y02652 201205 atorvastatin -25
YAY Y02652 201205 simvastatin 25
YAY Y02652 201206 simvastatin 25
YAY H85664 201204 atorvastatin 11
YAY F84632 201205 atorvastatin -15
YAY F84632 201205 simvastatin 15
YAY F84632 201204 atorvastatin 11
YAY F84632 201204 simvastatin -11
YAY F84632 201206 atorvastatin 24
YAY F84632 201206 simvastatin -24
YAY Y03308 201205 atorvastatin 33
YAY Y03308 201204 simvastatin 33
YAY Y03308 201204 rosuvastatin calcium 33
YAY Y03308 201206 simvastatin 15
YAY Y00658 201205 simvastatin 29
YAY Y00658 201204 simvastatin -46
YAY Y00658 201206 atorvastatin 29
YAY Y00658 201206 simvastatin -11
YAY Y00650 201206 simvastatin -16
YAY Y00650 201206 rosuvastatin calcium -16
YAY Y00656 201205 simvastatin -34
YAY Y00656 201206 simvastatin 17
YAY Y00656 201206 rosuvastatin calcium 17
YAY Y00434 201205 atorvastatin 50
YAY Y00434 201205 simvastatin -50
YAY Y00434 201204 simvastatin 50
YAY Y00434 201206 pravastatin sodium -50
YAY Y00434 201206 simvastatin 35
YAY Y00433 201204 atorvastatin -21
YAY Y00433 201204 pravastatin sodium -21
YAY Y00433 201204 simvastatin 14
YAY Y00433 201206 atorvastatin -12
YAY Y00433 201206 pravastatin sodium -12
YAY Y00433 201206 rosuvastatin calcium -12
YAY Y00433 201203 simvastatin -31
YAY Y00438 201205 atorvastatin 40
YAY Y00438 201205 simvastatin -40
YAY Y00438 201204 simvastatin -20
YAY Y00438 201206 simvastatin 60
YAY J82217 201205 atorvastatin 22
YAY J82217 201205 simvastatin -28
YAY J82217 201205 rosuvastatin calcium -28
YAY J82217 201206 atorvastatin -11
YAY J82217 201206 simvastatin 17
YAY Y01740 201204 simvastatin -11
YAY Y02463 201205 atorvastatin 13
YAY Y02463 201205 pravastatin sodium 13
YAY Y02463 201205 simvastatin -16
YAY Y00737 201204 pravastatin sodium -18
YAY Y00737 201204 rosuvastatin calcium -18
YAY Y00737 201204 simvastatin 20
YAY Y00737 201206 atorvastatin 12
YAY Y00599 201205 simvastatin -33
YAY Y00599 201206 simvastatin 67
YAY F85710 201206 simvastatin -25
YAY Y02583 201205 atorvastatin -14
YAY Y02583 201205 simvastatin 15
YAY Y02583 201205 simvastatin & ezetimibe 15
YAY Y02580 201205 simvastatin -11
YAY P81799 201206 simvastatin -50
YAY B82045 201205 atorvastatin 11
YAY B82045 201205 rosuvastatin calcium -12
YAY B82045 201205 pravastatin sodium -12
YAY B82045 201206 atorvastatin 13
YAY F84659 201205 atorvastatin 50
YAY F84659 201204 atorvastatin 17
YAY F84659 201204 simvastatin -16
YAY F84659 201206 simvastatin 50
YAY G82813 201205 atorvastatin -52
YAY G82813 201205 simvastatin 63
YAY G82813 201204 atorvastatin -34
YAY G82813 201204 simvastatin -34
YAY G82813 201204 rosuvastatin calcium -34
YAY G82813 201206 atorvastatin 16
YAY G82813 201206 simvastatin -15
YAY Y02854 201204 atorvastatin 28
YAY Y02854 201204 pravastatin sodium 28
YAY Y02854 201204 rosuvastatin calcium 28
YAY Y02854 201204 simvastatin -34
YAY Y02854 201206 simvastatin -17
YAY Y02854 201203 simvastatin 28
YAY E87694 201205 simvastatin -31
YAY E87694 201205 rosuvastatin calcium -31
YAY E87694 201205 simvastatin & ezetimibe -31
YAY E87694 201204 simvastatin 22
YAY E87694 201206 atorvastatin 17
YAY E87694 201206 simvastatin 16
YAY E87691 201206 rosuvastatin calcium 16
YAY Y00987 201205 simvastatin -15
YAY Y00987 201204 atorvastatin 15
YAY Y00987 201204 simvastatin -15
YAY Y00987 201206 atorvastatin -25
YAY Y00987 201206 simvastatin 35
YAY Y00983 201205 atorvastatin -50
YAY Y00983 201205 simvastatin -50
YAY Y00983 201206 pravastatin sodium -50
YAY Y00983 201206 simvastatin 16
YAY Y00182 201205 atorvastatin 25
YAY Y00182 201205 simvastatin -25
YAY Y00182 201204 simvastatin 25
YAY Y00182 201206 simvastatin 25
YAY Y01764 201205 atorvastatin 24
YAY Y01764 201204 simvastatin -34
YAY Y01764 201206 simvastatin 40
YAY Y02115 201204 simvastatin 11
YAY Y02115 201206 atorvastatin 14
YAY Y02115 201206 pravastatin sodium 14
YAY Y02115 201206 simvastatin -33
YAY Y02115 201203 atorvastatin -41
YAY Y02115 201203 simvastatin 35
YAY C82124 201206 atorvastatin -12
YAY C82124 201206 simvastatin 12
YAY E84649 201205 simvastatin 45
YAY E84649 201204 atorvastatin 32
YAY E84649 201204 simvastatin -29
YAY Y01026 201205 simvastatin -17
YAY Y01027 201205 simvastatin 50
YAY Y01027 201204 simvastatin -50
YAY Y01027 201206 atorvastatin 50
YAY Y01027 201206 simvastatin -50
YAY Y02615 201205 simvastatin -29
YAY B82062 201206 rosuvastatin calcium -15
YAY C81626 201205 simvastatin -30
YAY C88627 201205 atorvastatin -11
YAY C88627 201205 simvastatin 35
YAY C88627 201204 atorvastatin 15
YAY C88627 201204 simvastatin -40
YAY C88627 201204 rosuvastatin calcium -40
YAY C88627 201206 simvastatin -15
YAY C88627 201206 rosuvastatin calcium -15
YAY C88626 201205 atorvastatin 36
YAY C88626 201205 simvastatin -38
YAY C88626 201206 atorvastatin -15
YAY C88626 201206 simvastatin 19
YAY F81006 201206 atorvastatin -13
YAY F81006 201206 fluvastatin sodium -13
YAY Y02428 201205 simvastatin -50
YAY Y02428 201205 rosuvastatin calcium -50
YAY F84700 201205 atorvastatin 16
YAY F84700 201205 pravastatin sodium 16
YAY F84700 201205 simvastatin -14
YAY E87717 201204 simvastatin -11
YAY C85025 201206 pravastatin sodium 28
YAY Y02525 201205 simvastatin 40
YAY Y02525 201204 simvastatin 27
YAY Y02525 201206 atorvastatin 40
YAY Y02525 201206 simvastatin -75
YAY Y02529 201206 atorvastatin -16
YAY Y02529 201206 simvastatin 12
YAY Y02529 201206 simvastatin & ezetimibe 12
YAY Y00390 201205 simvastatin 21
YAY Y00390 201205 rosuvastatin calcium 21
YAY Y00390 201206 atorvastatin 21
YAY E85717 201205 atorvastatin 23
YAY E85717 201205 simvastatin -23
YAY A83639 201204 simvastatin 26
YAY E87742 201205 simvastatin 12
YAY E87742 201204 simvastatin -11
YAY Y00496 201205 simvastatin 50
YAY Y00496 201206 atorvastatin 50
YAY Y00496 201206 simvastatin -34
YAY D81088 201204 atorvastatin 67
YAY D81088 201206 simvastatin 67
YAY Y00234 201205 atorvastatin 30
YAY Y00234 201205 simvastatin -30
YAY Y00234 201204 simvastatin -20
YAY Y00234 201206 atorvastatin -17
YAY Y00234 201206 pravastatin sodium -17
YAY Y00234 201206 simvastatin -17
YAY Y01726 201204 simvastatin 25
YAY Y00691 201204 simvastatin -34
YAY Y00691 201206 atorvastatin -12
YAY Y00691 201206 simvastatin 11
YAY B83662 201205 atorvastatin 11
YAY B83662 201204 simvastatin -34
YAY K82638 201205 simvastatin 50
YAY K82638 201206 pravastatin sodium 50
YAY K82638 201206 simvastatin -17
YAY K82634 201205 atorvastatin 33
YAY K82634 201205 simvastatin -33
YAY K82634 201204 atorvastatin -17
YAY K82634 201204 simvastatin 16
YAY K82634 201206 atorvastatin -33
YAY K82634 201206 simvastatin 33
YAY G85007 201205 simvastatin 11
YAY G85007 201206 atorvastatin 13
YAY G85007 201206 pravastatin sodium 13
YAY G85007 201206 simvastatin -18
YAY Y02403 201204 atorvastatin 27
YAY Y02403 201204 pravastatin sodium 27
YAY Y02403 201204 simvastatin -31
YAY Y02403 201206 atorvastatin 15
YAY Y02403 201206 pravastatin sodium 15
YAY Y02403 201206 simvastatin -18
YAY F84737 201205 atorvastatin 36
YAY F84737 201205 simvastatin -35
YAY F84737 201204 simvastatin -15
YAY F84737 201206 simvastatin 50
YAY F84731 201204 atorvastatin 13
YAY F84731 201204 simvastatin -16
YAY Y01061 201206 simvastatin -33
YAY E83633 201205 atorvastatin -11
YAY E83633 201205 simvastatin 13
YAY Y03291 201204 simvastatin -11
YAY Y03296 201205 atorvastatin 16
YAY Y03296 201205 simvastatin -12
YAY Y03296 201206 atorvastatin -17
YAY Y03296 201206 simvastatin 14
YAY Y03296 201206 rosuvastatin calcium 14
YAY Y02210 201205 atorvastatin -14
YAY Y02210 201205 pravastatin sodium -14
YAY Y02211 201205 simvastatin -23
YAY Y02211 201206 atorvastatin -16
YAY Y03034 201205 simvastatin 40
YAY Y03034 201204 atorvastatin 40
YAY Y03034 201204 rosuvastatin calcium 40
YAY A81630 201205 atorvastatin 16
YAY A81630 201205 simvastatin -17
YAY A81630 201206 atorvastatin -29
YAY A81630 201206 simvastatin 29
YAY A81630 201203 atorvastatin -16
YAY A81630 201203 simvastatin 17
YAY A81632 201204 simvastatin 25
YAY A81632 201203 atorvastatin 13
YAY A81632 201203 simvastatin -12
YAY E87755 201206 atorvastatin -11
YAY E87020 201204 atorvastatin 66
YAY Y00023 201206 simvastatin -18
YAY Y01086 201205 atorvastatin 13
YAY Y01086 201206 atorvastatin -11
YAY Y01086 201206 simvastatin 11
YAY Y01083 201205 simvastatin 32
YAY Y01083 201204 atorvastatin 11
YAY Y01083 201204 pravastatin sodium 11
YAY Y01083 201204 simvastatin -22
YAY Y01083 201206 atorvastatin 32
YAY Y01083 201203 atorvastatin -38
YAY Y01083 201203 simvastatin 25
YAY Y01083 201203 rosuvastatin calcium 25
YAY Y00054 201205 simvastatin 17
YAY P85013 201206 atorvastatin 13
YAY P85013 201206 rosuvastatin calcium -11
YAY N85645 201205 atorvastatin 40
YAY N85645 201206 atorvastatin -67
YAY N85645 201206 simvastatin -67
YAY Y03017 201204 simvastatin 17
YAY Y03017 201203 simvastatin -17
YAY Y03010 201205 pravastatin sodium 16
YAY Y03010 201205 simvastatin -18
YAY Y03010 201204 pravastatin sodium -27
YAY Y03010 201204 simvastatin 29
YAY Y03010 201206 simvastatin 16
YAY E84035 201206 atorvastatin 16
YAY E84035 201206 simvastatin -12
YAY Y02608 201206 simvastatin -34
YAY Y00271 201205 simvastatin -34
YAY Y00271 201206 simvastatin -25
YAY Y00271 201206 rosuvastatin calcium -25
YAY E85077 201206 atorvastatin 11
YAY Y02766 201205 simvastatin 16
YAY Y02766 201205 simvastatin & ezetimibe 16
YAY Y02766 201204 simvastatin -50
YAY Y02766 201206 pravastatin sodium 16
YAY P89020 201206 pravastatin sodium -16
YAY P89020 201206 simvastatin 17
YAY A85621 201205 atorvastatin 80
YAY A85621 201204 atorvastatin -30
YAY A85621 201204 simvastatin 30
YAY A85621 201206 simvastatin 80
YAY N82107 201204 atorvastatin -11
YAY N82107 201204 simvastatin 11
YAY M85768 201205 simvastatin 67
YAY M85768 201204 simvastatin -67
YAY Y00494 201205 atorvastatin -34
YAY Y00494 201205 simvastatin -34
YAY Y00040 201204 atorvastatin 79
YAY Y00048 201205 atorvastatin -21
YAY Y00048 201205 pravastatin sodium 12
YAY Y00048 201204 atorvastatin 15
YAY Y00048 201204 pravastatin sodium -14
YAY Y00048 201206 pravastatin sodium -17
YAY Y00048 201206 simvastatin 29
YAY F83005 201205 atorvastatin -13
YAY F83005 201205 simvastatin 13
YAY F83005 201206 atorvastatin 15
YAY Y03259 201205 simvastatin 13
YAY Y03259 201204 simvastatin -30
YAY Y03259 201204 rosuvastatin calcium -30
YAY Y03259 201206 atorvastatin 42
YAY Y03259 201206 simvastatin -42
YAY E84056 201205 atorvastatin -13
YAY E84056 201205 simvastatin 12
YAY E84059 201204 simvastatin 13
YAY Y00782 201204 simvastatin 50
YAY Y00782 201206 simvastatin -50
YAY Y00783 201205 atorvastatin -17
YAY Y00783 201205 simvastatin 16
YAY Y00783 201206 simvastatin 34
YAY Y00525 201204 atorvastatin -23
YAY Y00525 201204 pravastatin sodium -23
YAY Y00525 201204 simvastatin 11
YAY Y00525 201206 simvastatin 17
YAY Y00258 201205 simvastatin 25
YAY Y00258 201204 atorvastatin -75
YAY Y00258 201204 simvastatin -75
YAY Y00259 201204 atorvastatin -84
YAY Y00259 201204 pravastatin sodium -84
YAY Y00259 201204 rosuvastatin calcium -84
YAY Y00259 201204 simvastatin -84
YAY Y00259 201206 simvastatin 16
YAY Y00528 201205 atorvastatin 16
YAY E85091 201204 simvastatin 13
YAY E82070 201204 simvastatin 11
YAY M92609 201206 atorvastatin -20
YAY M92609 201206 simvastatin 19
YAY Y03441 201205 atorvastatin 11
YAY Y03441 201205 pravastatin sodium -13
YAY Y03441 201206 atorvastatin 21
YAY Y03441 201206 simvastatin -22
YAY Y00068 201206 simvastatin -50
YAY Y00065 201204 simvastatin -43
YAY Y00065 201206 atorvastatin -17
YAY Y00065 201206 simvastatin 16
YAY G85084 201204 atorvastatin -11
YAY Y00868 201204 atorvastatin -15
YAY Y00868 201204 pravastatin sodium -15
YAY Y00868 201203 atorvastatin 14
YAY M84617 201204 atorvastatin 11
YAY Y02628 201205 atorvastatin 22
YAY Y02628 201205 simvastatin -11
YAY Y02628 201204 atorvastatin -29
YAY Y02628 201204 simvastatin 17
YAY Y02628 201204 rosuvastatin calcium 17
YAY Y02628 201206 atorvastatin -17
YAY Y02628 201206 simvastatin 17
YAY Y02018 201205 atorvastatin -13
YAY Y02018 201205 simvastatin 17
YAY Y02018 201206 atorvastatin 25
YAY Y02018 201206 simvastatin -13
YAY E83624 201205 simvastatin -11
YAY E83624 201206 atorvastatin -11
YAY E83624 201206 simvastatin 13
YAY Y03274 201206 atorvastatin -34
YAY Y03274 201206 simvastatin 33
YAY Y02902 201206 atorvastatin -13
YAY Y02902 201206 simvastatin 14
YAY Y03054 201205 atorvastatin -11
YAY Y03054 201205 simvastatin 19
YAY Y03054 201206 simvastatin -15
YAY Y00502 201205 atorvastatin -21
YAY Y00502 201205 fluvastatin sodium -21
YAY Y00502 201204 simvastatin -38
YAY Y00502 201206 simvastatin 17
YAY Y00502 201206 rosuvastatin calcium 17
YAY Y00504 201205 simvastatin 17
YAY Y00504 201204 atorvastatin 17
YAY D82038 201204 rosuvastatin calcium -15
YAY D82038 201204 atorvastatin 16
YAY M85778 201205 atorvastatin 12
YAY M85778 201205 simvastatin -15
YAY M85778 201205 simvastatin & ezetimibe -15
YAY M85773 201205 simvastatin 14
YAY M85773 201204 atorvastatin 12
YAY M85773 201204 simvastatin -17
YAY M85773 201206 simvastatin -30
YAY A84029 201205 atorvastatin 12
YAY E87048 201206 rosuvastatin calcium -12
YAY Y03420 201206 simvastatin -50
YAY L81133 201206 simvastatin -67
YAY L81133 201206 rosuvastatin calcium -67
YAY Y02071 201205 atorvastatin -13
YAY Y02071 201204 simvastatin -12
YAY Y02077 201205 atorvastatin -16
YAY Y02077 201205 simvastatin 17
YAY Y02077 201204 atorvastatin 16
YAY Y02077 201204 simvastatin -17
YAY Y02724 201205 atorvastatin 50
YAY Y02724 201205 simvastatin 50
YAY Y02724 201204 pravastatin sodium 50
YAY Y02724 201206 simvastatin 50
YAY Y02299 201205 simvastatin 20
YAY Y02299 201204 atorvastatin -16
YAY Y02299 201204 simvastatin 30
YAY Y02299 201203 pravastatin sodium 50
YAY Y02299 201203 simvastatin -16
YAY Y01013 201205 simvastatin -25
YAY Y01013 201206 simvastatin 25
YAY Y00741 201205 simvastatin 24
YAY Y00741 201206 atorvastatin -21
YAY Y02929 201206 atorvastatin -50
YAY Y02929 201206 pravastatin sodium -50
YAY E83665 201206 simvastatin -40
YAY Y01162 201204 simvastatin 50
YAY M85711 201204 simvastatin 12
YAY H82648 201205 simvastatin -50
YAY H82648 201206 simvastatin 50
YAY H82642 201205 simvastatin 50
YAY P81741 201205 simvastatin -11
YAY D81632 201204 simvastatin 25
YAY D81632 201206 atorvastatin 25
YAY D81632 201206 simvastatin -40
YAY D81632 201206 rosuvastatin calcium -40
YAY Y03403 201204 atorvastatin -15
YAY Y03403 201204 pravastatin sodium -15
YAY Y03403 201206 simvastatin 15
YAY Y03409 201206 atorvastatin 15
YAY F84686 201204 simvastatin -16
YAY B85062 201204 simvastatin 11
YAY Y00172 201204 atorvastatin 59
YAY Y00172 201204 simvastatin -58
YAY Y00172 201206 simvastatin 67
YAY B83051 201205 simvastatin -21
YAY B83051 201205 rosuvastatin calcium -21
YAY B83051 201204 simvastatin -17
YAY K82060 201205 atorvastatin 12
YAY K82060 201205 simvastatin -11
YAY K82060 201206 atorvastatin -12
YAY K82060 201206 pravastatin sodium -12
YAY K82060 201206 simvastatin 12
YAY Y02727 201206 atorvastatin -14
YAY Y02727 201203 atorvastatin -15
YAY Y02727 201203 simvastatin 16
YAY Y02725 201205 simvastatin -11
YAY Y02725 201204 simvastatin 18
YAY Y02725 201206 simvastatin -14
YAY Y03232 201205 atorvastatin 11
YAY Y03232 201205 pravastatin sodium 27
YAY Y03232 201205 simvastatin -38
YAY Y03232 201206 simvastatin 58
YAY Y03230 201205 atorvastatin -15
YAY Y03230 201205 simvastatin 13
YAY Y03230 201205 rosuvastatin calcium 13
YAY Y00760 201205 simvastatin 25
YAY Y00760 201204 simvastatin -25
YAY Y00767 201204 simvastatin -40
YAY Y00767 201206 simvastatin 30
YAY Y02946 201205 atorvastatin 21
YAY Y02946 201205 simvastatin -29
YAY Y02946 201204 atorvastatin -23
YAY Y02946 201204 simvastatin 20
YAY Y02946 201204 rosuvastatin calcium 20
YAY Y03098 201205 simvastatin 25
YAY Y01141 201205 simvastatin 45
YAY Y01141 201204 simvastatin -45
YAY Y01141 201204 rosuvastatin calcium -45
YAY M85732 201205 simvastatin -11
YAY M81636 201205 simvastatin 13
YAY M81636 201206 pravastatin sodium 13
YAY M81636 201206 rosuvastatin calcium 13
YAY M81636 201206 simvastatin -40
YAY Y03499 201205 atorvastatin -40
YAY P81769 201203 simvastatin -14
YAY Y02068 201205 atorvastatin 11
YAY Y02068 201204 atorvastatin 75
YAY Y02068 201204 simvastatin -15
YAY Y02068 201206 simvastatin -25
YAY Y02068 201203 simvastatin 75
YAY Y03392 201205 simvastatin 20
YAY Y03392 201204 simvastatin -20
YAY Y03392 201204 rosuvastatin calcium -20
YAY Y03392 201206 atorvastatin 20
YAY Y03392 201206 simvastatin -67
YAY Y03392 201206 rosuvastatin calcium -67
YAY A82645 201205 atorvastatin 25
YAY A82645 201204 pravastatin sodium -25
YAY A82645 201204 simvastatin 25
YAY A82645 201203 pravastatin sodium 25
YAY A82645 201203 simvastatin -25
YAY Y02553 201204 simvastatin 23
YAY Y00152 201205 simvastatin 50
YAY Y00152 201204 simvastatin -50
YAY Y00152 201206 atorvastatin 50
YAY Y00152 201206 simvastatin -50
YAY Y02708 201205 atorvastatin 14
YAY Y02708 201205 simvastatin -14
YAY P87614 201204 rosuvastatin calcium 15
YAY Y02964 201204 atorvastatin 67
YAY Y02962 201205 atorvastatin -17
YAY Y02962 201205 simvastatin 20
YAY Y02962 201205 simvastatin & ezetimibe 20
YAY Y00700 201204 atorvastatin -12
YAY Y00700 201206 simvastatin -11
YAY Y00701 201205 simvastatin 80
YAY Y00701 201204 atorvastatin -11
YAY Y00701 201204 simvastatin -80
YAY Y00701 201204 rosuvastatin calcium -80
YAY Y00701 201206 atorvastatin 80
YAY Y00701 201206 simvastatin -40
YAY Y00705 201205 atorvastatin 33
YAY Y00705 201205 pravastatin sodium 33
YAY Y00705 201206 simvastatin 33
YAY Y00705 201206 rosuvastatin calcium 33
YAY F83602 201206 atorvastatin 11
YAY F83602 201206 simvastatin -12
YAY Y00327 201204 simvastatin -58
YAY Y00327 201206 simvastatin 50
YAY Y02390 201206 simvastatin -50
YAY Y03375 201206 atorvastatin -50
YAY Y03375 201206 simvastatin -23
YAY F83049 201206 simvastatin -14
YAY Y02574 201204 atorvastatin -11
YAY Y03114 201206 atorvastatin -16
YAY Y03114 201206 fluvastatin sodium -16
YAY Y03114 201206 pravastatin sodium -16
YAY J83615 201206 atorvastatin 15
YAY J83615 201206 rosuvastatin calcium -12
YAY Y01264 201204 simvastatin 25
YAY Y02989 201205 atorvastatin 16
YAY Y02989 201205 simvastatin -17
YAY Y02989 201204 simvastatin -25
YAY Y02989 201206 atorvastatin -33
YAY Y02989 201206 pravastatin sodium -33
YAY Y02989 201206 simvastatin 17
YAY Y02986 201205 atorvastatin 14
YAY Y02986 201204 atorvastatin -24
YAY Y02986 201204 pravastatin sodium -24
YAY Y01986 201205 atorvastatin -16
YAY Y01986 201205 simvastatin 15
YAY Y01986 201204 simvastatin -25
YAY F85708 201206 atorvastatin -11
YAY F85708 201206 simvastatin 11
YAY Y00833 201204 simvastatin 29
YAY F85632 201205 simvastatin -17
YAY F85632 201204 simvastatin 12
YAY F85632 201206 simvastatin 11
YAY Y00827 201205 atorvastatin 31
YAY Y00827 201204 simvastatin 31
YAY Y00827 201206 atorvastatin 29
YAY Y00827 201206 simvastatin -29
YAY Y03357 201205 simvastatin -29
YAY Y03357 201204 rosuvastatin calcium -29
YAY Y03357 201206 atorvastatin -29
YAY Y03357 201206 simvastatin -50
YAY Y03357 201206 rosuvastatin calcium -50
YAY Y02518 201206 pravastatin sodium 17
YAY Y02518 201206 simvastatin 17
YAY Y02514 201205 atorvastatin 13
YAY Y02514 201205 simvastatin -13
YAY Y02514 201206 atorvastatin -17
YAY Y02514 201203 simvastatin -15
YAY Y00825 201205 atorvastatin 26
YAY Y00825 201205 simvastatin -27
YAY Y00825 201204 simvastatin -40
YAY Y00825 201206 atorvastatin -16
YAY Y00825 201206 simvastatin 17
YAY Y00824 201206 atorvastatin -25
YAY Y03134 201203 atorvastatin -11
YAY Y03134 201203 simvastatin 13
YAY Y00443 201205 atorvastatin -25
YAY Y00443 201205 simvastatin 26
YAY Y00443 201204 atorvastatin 12
YAY Y00443 201204 simvastatin -12
YAY Y00443 201206 atorvastatin -12
YAY Y00443 201206 simvastatin 11
YAY Y00443 201203 atorvastatin 14
YAY Y00443 201203 simvastatin -14
YAY Y00449 201205 atorvastatin -11
YAY Y00449 201205 simvastatin 12
YAY Y00449 201206 simvastatin -11
YAY Y01242 201206 simvastatin 50
YAY Y01243 201205 atorvastatin -33
YAY Y01243 201205 simvastatin 34
YAY Y01243 201203 atorvastatin 35
YAY Y01243 201203 simvastatin -36
YAY Y01249 201206 atorvastatin 28
YAY Y01249 201206 simvastatin -28
YAY M85802 201206 simvastatin 28
YAY E82620 201204 simvastatin -15
YAY E82620 201204 rosuvastatin calcium 22
YAY F81732 201205 simvastatin & ezetimibe 16
YAY F81732 201206 simvastatin & ezetimibe -11
YAY F81732 201206 simvastatin 13
YAY Y00301 201205 atorvastatin 34
YAY Y00301 201205 simvastatin -34
YAY Y00301 201204 simvastatin 34
YAY Y00301 201206 simvastatin 34
YAY L84620 201205 simvastatin -67
YAY L84620 201205 rosuvastatin calcium -67
YAY L84620 201204 simvastatin 29
YAY Y00807 201205 simvastatin -34
YAY Y00806 201205 simvastatin 75
YAY Y00806 201204 simvastatin -75
YAY Y02352 201205 simvastatin 40
YAY Y02352 201204 atorvastatin -30
YAY Y02352 201203 simvastatin -50
YAY A82622 201205 atorvastatin 67
YAY A82622 201204 atorvastatin -17
YAY A82622 201204 simvastatin 16
YAY A82622 201206 atorvastatin -50
YAY A82622 201206 simvastatin -50
YAY F83003 201204 simvastatin -13
YAY Y03331 201205 simvastatin 34
YAY Y00688 201205 simvastatin 50
YAY Y00688 201204 atorvastatin -50
YAY Y00688 201204 simvastatin -50
YAY Y00688 201206 atorvastatin 50
YAY Y00688 201206 simvastatin -50
YAY Y02824 201205 atorvastatin 29
YAY Y02824 201205 simvastatin -31
YAY Y02824 201206 atorvastatin 13
YAY C88655 201206 simvastatin 11
YAY C88655 201206 simvastatin & ezetimibe 11
YAY E87649 201206 atorvastatin 12
YAY E87649 201206 simvastatin -14
YAY E81618 201205 atorvastatin 17
YAY E81618 201205 simvastatin -14
YAY E81618 201206 atorvastatin -16
YAY E81618 201206 simvastatin 12
YAY E81618 201206 rosuvastatin calcium 12
YAY P89606 201206 simvastatin 21
YAY E82644 201206 simvastatin 13
YAY Y00899 201204 simvastatin 50
YAY Y00899 201206 simvastatin -15
YAY F81718 201206 atorvastatin 13
YAY C82670 201204 simvastatin 13
YAY Y02330 201205 pravastatin sodium -11
YAY Y02330 201205 simvastatin 13
YAY Y02330 201204 pravastatin sodium 14
YAY Y02330 201204 rosuvastatin calcium 14
YAY Y02330 201206 atorvastatin 45
YAY Y02330 201206 simvastatin -38
YAY M85805 201205 atorvastatin -17
YAY M85805 201205 simvastatin 17
YAY M85805 201204 atorvastatin 18
YAY M85805 201204 simvastatin -14
YAY N82675 201205 simvastatin 50
YAY N82675 201204 atorvastatin 50
YAY N82675 201206 atorvastatin 50
YAY Y00661 201205 atorvastatin 14
YAY Y00661 201205 simvastatin -14
YAY Y00661 201204 atorvastatin 34
YAY Y00661 201204 simvastatin -15
YAY Y00661 201203 simvastatin 34
YAY Y02809 201204 simvastatin 38
YAY Y02809 201206 simvastatin -25
YAY Y02808 201205 atorvastatin 20
YAY Y02808 201205 simvastatin -50
YAY Y02808 201205 rosuvastatin calcium -50
YAY Y02808 201204 simvastatin 20
YAY Y02808 201206 simvastatin 25
YAY Y00408 201204 simvastatin -40
YAY Y00408 201206 simvastatin 40
YAY Y00401 201205 simvastatin 60
YAY Y00401 201204 simvastatin 40
YAY Y00401 201204 rosuvastatin calcium -40
YAY Y00401 201206 atorvastatin 60
YAY Y00401 201206 simvastatin -29
YAY E83652 201205 simvastatin 11
YAY E83652 201206 simvastatin -13
YAY E82667 201205 atorvastatin -30
YAY E82667 201205 simvastatin 30
YAY E82667 201204 simvastatin -50
YAY Y02476 201204 simvastatin -11
YAY Y02470 201206 simvastatin -20
YAY Y01676 201206 simvastatin -50
YAY B81097 201206 simvastatin 12
YAY Y01928 201204 simvastatin -67
YAY Y01928 201206 simvastatin 67
YAY Y01924 201206 atorvastatin -15
YAY M82612 201204 atorvastatin 11
YAY J81653 201205 atorvastatin -20
YAY J81653 201205 simvastatin -14
YAY J81653 201204 simvastatin -20
YAY J81653 201204 rosuvastatin calcium -20
YAY J81653 201206 atorvastatin 84
YAY Y02650 201205 atorvastatin -25
YAY Y02650 201205 simvastatin 25
YAY Y02650 201204 atorvastatin 28
YAY Y02650 201204 simvastatin -28
YAY Y02648 201205 atorvastatin -19
YAY Y02648 201205 simvastatin 29
YAY Y02648 201204 atorvastatin 20
YAY Y02648 201204 pravastatin sodium 20
YAY Y02648 201204 simvastatin -37
YAY Y02648 201206 atorvastatin 15
YAY Y02648 201206 simvastatin -16
YAY Y02648 201203 atorvastatin -14
YAY Y02648 201203 simvastatin 15
YAY Y02647 201206 atorvastatin 12
YAY Y02643 201205 atorvastatin -17
YAY Y02643 201205 simvastatin 33
YAY Y02643 201206 pravastatin sodium 33
YAY Y02642 201205 atorvastatin 20
YAY Y02642 201205 simvastatin -20
YAY Y02642 201206 atorvastatin 14
YAY Y02642 201206 pravastatin sodium 14
YAY Y02642 201206 simvastatin -22
YAY H85656 201205 simvastatin -11
YAY Y02869 201205 simvastatin -25
YAY Y02869 201206 pravastatin sodium -25
YAY Y02860 201204 simvastatin -50
YAY Y02863 201206 simvastatin -50
YAY Y03191 201205 fluvastatin sodium -15
YAY Y03191 201205 rosuvastatin calcium -15
YAY Y03191 201205 simvastatin -52
YAY Y03191 201204 simvastatin -15
YAY Y03191 201206 simvastatin 67
YAY Y00647 201205 atorvastatin 17
YAY Y00647 201205 pravastatin sodium 17
YAY Y00647 201204 simvastatin -34
YAY Y00646 201205 atorvastatin 30
YAY Y00646 201205 simvastatin -30
YAY Y00646 201204 simvastatin -20
YAY G81071 201205 simvastatin -12
YAY G81071 201205 simvastatin & ezetimibe -12
YAY G81071 201204 atorvastatin 11
YAY G81071 201206 atorvastatin -14
YAY G81071 201206 simvastatin 21
YAY P82661 201204 simvastatin -11
YAY P82661 201203 simvastatin 11
YAY L83679 201205 atorvastatin -15
YAY L83679 201205 simvastatin -19
YAY L83679 201204 simvastatin -15
YAY L83679 201206 simvastatin 21
YAY L83673 201205 atorvastatin -17
YAY L83673 201205 simvastatin 21
YAY H83623 201206 simvastatin -13
YAY H83622 201206 atorvastatin 13
YAY H83622 201206 simvastatin -13
YAY H83627 201206 atorvastatin 12
YAY H83627 201206 fluvastatin sodium 12
YAY H83627 201206 simvastatin -15
YAY Y03504 201205 atorvastatin 12
YAY Y03504 201205 pravastatin sodium 12
YAY Y03504 201205 simvastatin -16
YAY Y03504 201204 atorvastatin -11
YAY Y03504 201204 simvastatin 11
YAY Y03504 201206 atorvastatin -18
YAY Y03504 201206 fluvastatin sodium -18
YAY Y03504 201206 rosuvastatin calcium -18
YAY Y03504 201206 simvastatin 11
YAY Y00200 201205 simvastatin 11
YAY Y00200 201206 atorvastatin 12
YAY N81654 201205 simvastatin -25
YAY N81654 201206 simvastatin 25
YAY N81654 201203 simvastatin 25
YAY N81655 201205 atorvastatin -24
YAY N81655 201205 simvastatin 24
YAY N81655 201204 atorvastatin 22
YAY N81655 201204 simvastatin -23
YAY Y00368 201205 simvastatin 25
YAY K81103 201205 atorvastatin 11
YAY Y02731 201204 atorvastatin -91
YAY Y02731 201204 simvastatin -91
YAY Y02731 201204 rosuvastatin calcium -91
YAY Y02591 201205 atorvastatin -15
YAY Y02591 201205 simvastatin 39
YAY Y02591 201204 atorvastatin 25
YAY Y02591 201204 simvastatin -25
YAY Y02591 201206 simvastatin 36
YAY Y02593 201204 pravastatin sodium -22
YAY Y02593 201204 simvastatin 17
YAY Y02592 201205 simvastatin 60
YAY Y02732 201204 atorvastatin -34
YAY Y02732 201204 simvastatin 33
YAY Y02732 201206 simvastatin -15
YAY M86639 201204 simvastatin 67
YAY Y02847 201204 atorvastatin -17
YAY Y02847 201204 simvastatin 17
YAY Y02846 201205 atorvastatin 20
YAY Y02846 201205 simvastatin -50
YAY Y02846 201204 simvastatin 20
YAY Y02846 201206 atorvastatin -30
YAY Y02846 201206 simvastatin 30
YAY Y00623 201205 simvastatin -29
YAY Y00623 201205 rosuvastatin calcium -29
YAY Y00623 201206 pravastatin sodium -29
YAY Y00623 201206 simvastatin 14
YAY Y00622 201205 simvastatin 27
YAY Y00622 201204 atorvastatin -13
YAY Y00622 201206 atorvastatin 27
YAY Y00622 201206 simvastatin -22
YAY Y00626 201206 atorvastatin 14
YAY Y00195 201205 simvastatin 33
YAY Y00195 201204 atorvastatin -33
YAY Y00195 201204 pravastatin sodium -33
YAY Y00195 201206 atorvastatin 17
YAY Y00195 201206 pravastatin sodium 17
YAY Y00195 201206 rosuvastatin calcium 17
YAY Y00195 201206 simvastatin -36
YAY Y00195 201203 atorvastatin 16
YAY Y00195 201203 simvastatin -17
YAY K81640 201206 atorvastatin -15
YAY K81640 201206 simvastatin 16
YAY G82659 201204 simvastatin 17
YAY G82651 201205 simvastatin 17
YAY G82651 201204 atorvastatin -50
YAY G82651 201204 simvastatin 50
YAY G82651 201206 atorvastatin 17
YAY G82651 201206 fluvastatin sodium 17
YAY G82651 201206 simvastatin -63
YAY G81642 201206 simvastatin 11
YAY F86689 201206 atorvastatin -13
YAY F86689 201206 simvastatin 13
YAY Y02439 201205 atorvastatin 46
YAY Y02439 201205 rosuvastatin calcium 13
YAY Y02439 201206 simvastatin 13
YAY F83633 201204 atorvastatin -11
YAY F83633 201204 simvastatin 12
YAY Y01741 201206 simvastatin -34
YAY A86027 201206 atorvastatin 14
YAY A86027 201206 simvastatin -16
YAY A86027 201206 rosuvastatin calcium -16
YAY A86027 201203 atorvastatin -18
YAY A86027 201203 pravastatin sodium -18
YAY A86027 201203 simvastatin 16
YAY Y02556 201204 simvastatin 34
YAY Y02556 201206 atorvastatin 34
YAY G85705 201205 atorvastatin 15
YAY Y01962 201205 simvastatin 14
YAY Y01962 201206 simvastatin -13
YAY M87606 201205 simvastatin -13
YAY Y00384 201205 atorvastatin 16
YAY Y00384 201205 simvastatin -22
YAY Y01039 201205 atorvastatin -50
YAY Y01039 201204 simvastatin -50
YAY Y01039 201204 rosuvastatin calcium -50
YAY Y01031 201205 simvastatin 34
YAY Y01031 201206 atorvastatin 34
YAY Y01031 201206 simvastatin -34
YAY F85061 201206 atorvastatin -11
YAY F85061 201206 simvastatin 11
YAY C81633 201205 simvastatin -11
YAY C81633 201206 simvastatin 23
YAY Y00978 201206 simvastatin 50
YAY Y00601 201206 simvastatin -30
YAY Y00605 201204 simvastatin -25
YAY Y00605 201206 atorvastatin -25
YAY Y00605 201206 simvastatin -25
YAY Y00972 201205 atorvastatin 75
YAY Y00972 201206 atorvastatin -67
YAY Y00972 201206 simvastatin -67
YAY P84669 201205 atorvastatin 16
YAY P84669 201205 simvastatin -14
YAY P84669 201206 atorvastatin -24
YAY P84669 201206 fluvastatin sodium -24
YAY P84669 201206 rosuvastatin calcium -24
YAY P84669 201206 pravastatin sodium -24
YAY P84669 201206 simvastatin 20
YAY F85665 201205 atorvastatin -17
YAY F85665 201205 simvastatin 18
YAY Y01735 201205 atorvastatin 50
YAY Y01739 201205 atorvastatin 30
YAY Y01739 201205 simvastatin -23
YAY Y01739 201204 simvastatin 30
YAY Y01739 201206 simvastatin 23
YAY E86619 201206 simvastatin 11
YAY C82111 201205 rosuvastatin calcium -12
YAY C82111 201205 simvastatin 20
YAY C82111 201204 simvastatin -18
YAY C82111 201206 simvastatin -12
YAY Y01949 201206 atorvastatin -50
YAY Y01949 201206 simvastatin -50
YAY E87702 201205 simvastatin -12
YAY Y00904 201205 simvastatin 50
YAY Y00904 201206 atorvastatin 50
YAY Y00904 201206 simvastatin -20
YAY Y02721 201204 atorvastatin 15
YAY Y02721 201204 pravastatin sodium 15
YAY Y02721 201204 simvastatin -15
YAY Y01058 201206 simvastatin -17
YAY Y01058 201206 rosuvastatin calcium -17
YAY Y01057 201205 simvastatin -11
YAY Y01057 201206 atorvastatin 13
YAY Y02622 201203 simvastatin -12
YAY J81088 201205 simvastatin 23
YAY J81085 201205 atorvastatin 22
YAY J81085 201205 simvastatin -40
YAY J81085 201205 rosuvastatin calcium 22
YAY J81085 201206 atorvastatin -17
YAY J81085 201206 simvastatin 33
YAY J81085 201206 rosuvastatin calcium -17
YAY Y02081 201204 simvastatin -25
YAY Y03287 201205 atorvastatin 17
YAY Y03287 201205 simvastatin 17
YAY Y03287 201204 atorvastatin 16
YAY Y03287 201204 pravastatin sodium 16
YAY Y03287 201204 simvastatin -33
YAY Y03287 201206 simvastatin 50
YAY Y03287 201203 simvastatin 16
YAY Y03287 201203 rosuvastatin calcium 16
YAY Y00954 201206 simvastatin -13
YAY Y00954 201206 rosuvastatin calcium -13
YAY Y02887 201204 atorvastatin -14
YAY Y02887 201204 simvastatin 17
YAY Y02887 201203 atorvastatin 13
YAY Y02880 201205 atorvastatin 16
YAY Y02880 201205 simvastatin -11
YAY Y02880 201206 atorvastatin -17
YAY Y02880 201206 simvastatin 13
YAY Y02880 201203 pravastatin sodium -11
YAY Y02880 201203 rosuvastatin calcium -11
YAY Y00483 201205 atorvastatin -67
YAY Y00483 201205 simvastatin -67
YAY Y00482 201204 atorvastatin 67
YAY Y00482 201204 simvastatin -40
YAY Y00482 201206 simvastatin -30
YAY Y00482 201206 rosuvastatin calcium -30
YAY Y00482 201203 simvastatin 67
YAY Y02758 201205 rosuvastatin calcium 19
YAY Y02758 201205 pravastatin sodium 19
YAY Y02758 201205 simvastatin -56
YAY Y02758 201206 atorvastatin 16
YAY Y02758 201206 simvastatin 34
YAY Y00226 201205 atorvastatin -58
YAY Y00226 201205 simvastatin 57
YAY Y00226 201206 atorvastatin 18
YAY Y00226 201206 simvastatin -17
YAY Y01287 201205 simvastatin -16
YAY Y01287 201205 rosuvastatin calcium -16
YAY Y01287 201206 atorvastatin -16
YAY Y01287 201206 simvastatin 12
YAY Y01287 201206 rosuvastatin calcium -38
YAY Y01280 201205 simvastatin 13
YAY E86638 201205 simvastatin 19
YAY D82088 201204 pravastatin sodium -11
YAY D82088 201204 simvastatin 12
YAY Y00729 201204 atorvastatin 33
YAY Y00729 201204 simvastatin -33
YAY Y00729 201206 atorvastatin -11
YAY Y00729 201206 simvastatin 12
YAY Y00277 201204 atorvastatin 35
YAY Y00277 201204 simvastatin -28
YAY Y00277 201206 atorvastatin -39
YAY Y00277 201206 simvastatin 33
YAY Y00030 201205 simvastatin -50
YAY Y00030 201206 atorvastatin 16
YAY Y00030 201206 simvastatin -17
YAY Y00036 201205 atorvastatin 12
YAY Y00036 201205 simvastatin -11
YAY Y00036 201204 atorvastatin 12
YAY Y00036 201204 simvastatin -12
YAY Y00036 201203 atorvastatin -12
YAY Y00036 201203 simvastatin 12
YAY Y00386 201205 simvastatin -13
YAY Y00386 201206 atorvastatin -13
YAY Y00386 201206 simvastatin -12
YAY E87768 201205 atorvastatin 38
YAY E87768 201205 simvastatin -37
YAY E87768 201206 atorvastatin -34
YAY E87768 201206 simvastatin 33
YAY Y00043 201206 simvastatin -50
YAY Y01077 201205 simvastatin 25
YAY Y01077 201204 simvastatin -25
YAY Y01077 201206 atorvastatin 25
YAY Y01076 201204 atorvastatin 25
YAY Y01076 201204 simvastatin -34
YAY Y01076 201206 atorvastatin 27
YAY Y01076 201206 simvastatin -26
YAY Y01075 201205 atorvastatin 50
YAY Y01075 201204 atorvastatin -26
YAY Y01075 201204 simvastatin -50
YAY B81104 201204 simvastatin -11
YAY Y00049 201205 atorvastatin 67
YAY Y00049 201206 atorvastatin -25
YAY Y00049 201206 simvastatin -25
YAY E83651 201205 simvastatin 11
YAY E83651 201205 simvastatin & ezetimibe 11
YAY E83651 201204 atorvastatin 11
YAY E83651 201204 simvastatin -11
YAY Y00934 201206 atorvastatin -21
YAY Y00934 201206 pravastatin sodium -21
YAY Y00934 201206 rosuvastatin calcium -21
YAY Y02204 201205 atorvastatin -13
YAY Y02204 201204 atorvastatin -17
YAY Y02204 201204 pravastatin sodium -17
YAY Y02204 201204 simvastatin 13
YAY Y03007 201205 simvastatin 38
YAY Y03007 201204 simvastatin 22
YAY Y03007 201206 atorvastatin 38
YAY Y03009 201205 atorvastatin -43
YAY Y03009 201205 fluvastatin sodium -43
YAY Y03009 201205 pravastatin sodium -43
YAY Y03009 201205 simvastatin 26
YAY Y03009 201204 atorvastatin 35
YAY Y03009 201204 simvastatin -26
YAY Y03009 201206 atorvastatin 37
YAY Y03009 201206 simvastatin -32
YAY Y03009 201206 rosuvastatin calcium -32
YAY Y00203 201205 atorvastatin -16
YAY Y00203 201205 pravastatin sodium -16
YAY Y00203 201204 atorvastatin -20
YAY Y00203 201204 simvastatin 20
YAY Y00203 201206 atorvastatin 14
YAY Y00203 201206 simvastatin -14
YAY Y00203 201203 simvastatin -50
YAY M85787 201204 simvastatin 46
YAY E85066 201205 atorvastatin 12
YAY E85066 201206 atorvastatin -14
YAY E85066 201206 simvastatin 11
YAY E83040 201204 atorvastatin -13
YAY Y00052 201205 simvastatin -50
YAY Y00052 201206 atorvastatin 50
YAY Y01091 201206 simvastatin 17
YAY B81121 201204 simvastatin 12
YAY P86609 201204 atorvastatin -18
YAY P86609 201204 simvastatin 17
YAY B86110 201205 atorvastatin 20
YAY B86110 201205 simvastatin -50
YAY B86110 201205 rosuvastatin calcium -50
YAY B86110 201204 simvastatin 20
YAY B86110 201206 simvastatin 50
YAY N83638 201206 simvastatin -50
YAY Y00911 201206 atorvastatin -67
YAY Y00911 201206 simvastatin -67
YAY Y00911 201206 rosuvastatin calcium -67
YAY Y01795 201206 simvastatin -12
YAY N84616 201205 simvastatin 30
YAY Y01003 201204 atorvastatin -17
YAY Y01003 201204 simvastatin 17
YAY Y01003 201203 atorvastatin -17
YAY Y01003 201203 simvastatin 33
YAY Y01135 201205 simvastatin 16
YAY Y01135 201204 simvastatin -25
YAY Y01135 201206 atorvastatin 28
YAY Y01135 201206 simvastatin -28
YAY Y00071 201205 atorvastatin 11
YAY Y00071 201204 simvastatin 15
YAY F81665 201206 atorvastatin 12
YAY Y00534 201205 simvastatin 50
YAY Y00534 201204 simvastatin -50
YAY Y00534 201206 atorvastatin 50
YAY Y00534 201206 simvastatin -34
YAY Y00533 201205 atorvastatin -32
YAY Y00533 201205 simvastatin 31
YAY Y00533 201204 atorvastatin 31
YAY Y00533 201204 simvastatin -21
YAY Y00533 201206 simvastatin -13
YAY Y01116 201205 simvastatin 25
YAY Y01116 201204 atorvastatin 17
YAY Y01117 201205 simvastatin -25
YAY Y01117 201205 rosuvastatin calcium -25
YAY Y01117 201204 simvastatin -25
YAY Y01117 201206 atorvastatin -25
YAY E82069 201206 simvastatin 28
YAY Y02499 201206 simvastatin -14
YAY Y02496 201205 simvastatin -50
YAY Y02493 201205 pravastatin sodium 80
YAY Y02493 201204 simvastatin 80
YAY Y02493 201206 simvastatin 80
YAY Y02493 201206 rosuvastatin calcium 80
YAY F84749 201205 atorvastatin 13
YAY F84749 201205 simvastatin -16
YAY F84749 201205 rosuvastatin calcium -16
YAY F84744 201205 simvastatin -50
YAY F84744 201206 simvastatin 50
YAY Y02859 201206 simvastatin -50
YAY G85091 201205 atorvastatin 11
YAY G85091 201204 atorvastatin -11
YAY G84619 201204 simvastatin 30
YAY E85123 201206 pravastatin sodium -12
YAY E85123 201206 simvastatin 13
YAY K82056 201205 simvastatin 21
YAY Y02002 201205 simvastatin -12
YAY Y02002 201206 atorvastatin -13
YAY N85638 201206 simvastatin -25
YAY N85639 201205 atorvastatin -13
YAY N85639 201205 simvastatin 14
YAY N85639 201204 atorvastatin -67
YAY N85639 201204 simvastatin -67
YAY N85639 201206 pravastatin sodium 14
YAY N85639 201206 simvastatin -14
YAY Y02260 201206 simvastatin 11
YAY Y02265 201205 simvastatin 24
YAY Y02265 201204 atorvastatin -44
YAY Y02265 201204 pravastatin sodium -44
YAY Y02265 201204 simvastatin 26
YAY E83631 201204 rosuvastatin calcium -12
YAY F85680 201204 atorvastatin -13
YAY F85680 201204 simvastatin 13
YAY Y00631 201205 simvastatin -14
YAY Y00631 201206 atorvastatin 17
YAY Y00631 201206 simvastatin -16
YAY Y03204 201205 simvastatin 27
YAY Y03204 201206 simvastatin -12
YAY Y00982 201206 atorvastatin -67
YAY Y00982 201206 simvastatin -67
YAY Y00988 201205 atorvastatin -34
YAY Y00988 201205 simvastatin 14
YAY Y00988 201204 simvastatin -34
YAY Y01173 201205 simvastatin 17
YAY Y01173 201206 atorvastatin 17
YAY Y01173 201206 simvastatin -67
YAY F83046 201205 atorvastatin -13
YAY F83046 201206 atorvastatin 58
YAY F83046 201206 simvastatin -42
YAY E87057 201205 atorvastatin 13
YAY Y03439 201204 simvastatin 67
YAY Y03432 201205 simvastatin -25
YAY Y03432 201206 atorvastatin 25
YAY Y03432 201206 simvastatin -25
YAY Y02978 201204 simvastatin 12
YAY Y02978 201206 simvastatin 19
YAY Y00082 201205 simvastatin 28
YAY Y00082 201206 atorvastatin 28
YAY Y00082 201206 pravastatin sodium 28
YAY Y00082 201206 rosuvastatin calcium 28
YAY Y00082 201206 simvastatin -60
YAY Y02064 201205 simvastatin -34
YAY Y02064 201205 rosuvastatin calcium -34
YAY Y02064 201206 simvastatin 34
YAY Y01128 201204 simvastatin -15
YAY Y01128 201206 atorvastatin -14
YAY Y01128 201206 simvastatin 14
YAY Y02285 201206 simvastatin 17
YAY Y00754 201205 atorvastatin 33
YAY Y00754 201205 simvastatin -16
YAY Y00754 201204 simvastatin 33
YAY Y00754 201204 rosuvastatin calcium 33
YAY Y00754 201206 simvastatin 50
YAY Y00751 201205 atorvastatin 21
YAY Y00751 201204 atorvastatin -88
YAY Y00751 201204 pravastatin sodium -88
YAY Y00751 201204 simvastatin -88
YAY Y00751 201206 atorvastatin -13
YAY Y00751 201206 simvastatin 14
YAY Y02939 201205 atorvastatin -15
YAY Y02939 201205 simvastatin 26
YAY Y02939 201204 simvastatin -34
YAY Y02939 201204 simvastatin & ezetimibe -34
YAY Y03089 201205 atorvastatin 50
YAY Y03089 201203 pravastatin sodium 25
YAY C83055 201204 atorvastatin 22
YAY C83055 201204 rosuvastatin calcium -22
YAY Y03085 201205 simvastatin -22
YAY Y03085 201205 rosuvastatin calcium -22
YAY Y00717 201206 atorvastatin -25
YAY Y00717 201206 simvastatin 25
YAY Y01156 201204 simvastatin 17
YAY Y02666 201205 simvastatin -11
YAY Y02666 201205 rosuvastatin calcium -11
YAY Y01126 201206 simvastatin -34
YAY E87012 201206 atorvastatin 14
YAY E87012 201206 simvastatin -14
YAY E87012 201206 rosuvastatin calcium 12
YAY K81019 201204 atorvastatin -85
YAY K81019 201204 pravastatin sodium -85
YAY K81019 201204 rosuvastatin calcium -85
YAY K81019 201204 simvastatin -85
YAY F83672 201205 simvastatin 23
YAY F83672 201206 simvastatin -13
YAY F83672 201206 rosuvastatin calcium -13
YAY M85041 201206 simvastatin -13
YAY Y02737 201205 simvastatin 25
YAY Y02737 201204 simvastatin -25
YAY Y02737 201204 rosuvastatin calcium -25
YAY Y02737 201206 simvastatin -50
YAY Y02737 201206 rosuvastatin calcium -50
YAY Y02954 201204 pravastatin sodium -75
YAY Y02954 201204 rosuvastatin calcium -75
YAY Y02954 201206 atorvastatin 30
YAY Y00776 201205 simvastatin 50
YAY Y00776 201204 simvastatin -50
YAY Y00771 201204 pravastatin sodium 80
YAY Y00771 201204 simvastatin -20
YAY Y00771 201206 pravastatin sodium 25
YAY Y00771 201206 simvastatin -25
YAY Y00771 201203 simvastatin 80
YAY Y00779 201205 simvastatin -67
YAY Y00779 201205 rosuvastatin calcium -67
YAY Y00779 201204 simvastatin 67
YAY Y00779 201206 pravastatin sodium -67
YAY Y00779 201206 simvastatin 50
YAY B83690 201206 atorvastatin -17
YAY B83690 201206 simvastatin 16
YAY M81606 201205 atorvastatin 16
YAY M81606 201205 pravastatin sodium 16
YAY M81606 201205 rosuvastatin calcium 16
YAY M81606 201205 simvastatin -24
YAY M81606 201204 atorvastatin -15
YAY M81606 201204 simvastatin 25
YAY Y03389 201204 simvastatin 31
YAY Y03388 201205 atorvastatin -58
YAY Y03388 201205 simvastatin -58
YAY Y03388 201204 atorvastatin 73
YAY F83050 201205 simvastatin -15
YAY Y02564 201206 atorvastatin -26
YAY Y02564 201206 pravastatin sodium -26
YAY Y02564 201206 rosuvastatin calcium -26
YAY Y02564 201206 simvastatin 12
YAY Y02565 201205 atorvastatin 36
YAY Y02565 201204 pravastatin sodium -17
YAY Y02565 201204 simvastatin 36
YAY Y02565 201206 pravastatin sodium 13
YAY Y02565 201206 simvastatin -16
YAY Y02566 201204 simvastatin 11
YAY Y02568 201204 atorvastatin -11
YAY Y02569 201206 atorvastatin 11
YAY Y03168 201204 simvastatin -34
YAY Y03168 201206 atorvastatin 19
YAY Y03168 201206 simvastatin -20
YAY Y03160 201206 simvastatin -20
YAY Y01834 201205 simvastatin 26
YAY Y01834 201206 simvastatin 34
YAY Y01838 201204 atorvastatin 32
YAY Y01838 201204 simvastatin -32
YAY Y01838 201206 atorvastatin -20
YAY Y01838 201206 pravastatin sodium -20
YAY Y01838 201206 simvastatin 17
YAY Y02973 201206 simvastatin 75
YAY G82064 201204 simvastatin 14
YAY Y01660 201205 atorvastatin 12
YAY Y01660 201206 atorvastatin -16
YAY Y01660 201206 pravastatin sodium -16
YAY G81670 201205 simvastatin -50
YAY G81670 201205 rosuvastatin calcium -50
YAY G81670 201206 simvastatin 50
YAY F83674 201205 simvastatin -11
YAY F83674 201204 simvastatin 11
YAY C83656 201204 atorvastatin 28
YAY C83656 201204 simvastatin -27
YAY Y02696 201205 atorvastatin -56
YAY Y02696 201205 pravastatin sodium -56
YAY Y02696 201205 simvastatin -56
YAY Y02696 201206 atorvastatin -11
YAY Y02696 201206 simvastatin 11
YAY Y00192 201205 atorvastatin 12
YAY Y00192 201205 simvastatin -12
YAY Y00192 201204 atorvastatin -17
YAY Y00192 201204 fluvastatin sodium -17
YAY Y00192 201204 rosuvastatin calcium -17
YAY Y02365 201205 simvastatin 50
YAY Y02365 201204 atorvastatin -16
YAY Y02365 201204 simvastatin 17
YAY Y02365 201206 atorvastatin 50
YAY Y02365 201206 simvastatin -20
YAY A82613 201206 atorvastatin 11
YAY A82613 201206 simvastatin -13
YAY Y02508 201203 atorvastatin -17
YAY Y02508 201203 simvastatin 16
YAY Y02509 201205 simvastatin 11
YAY Y02509 201204 simvastatin -11
